num_bins,short_window_size,discount,base_rate,eta,tau_ok,num_runs,nominal_consistent_rate_mean,nominal_consistent_rate_std,nominal_consistent_rate_median,nominal_undecided_rate_mean,nominal_undecided_rate_std,nominal_undecided_rate_median,nominal_false_inconsistent_rate_mean,nominal_false_inconsistent_rate_std,nominal_false_inconsistent_rate_median,fault_false_consistent_rate_mean,fault_false_consistent_rate_std,fault_false_consistent_rate_median,fault_undecided_rate_mean,fault_undecided_rate_std,fault_undecided_rate_median,fault_inconsistent_rate_mean,fault_inconsistent_rate_std,fault_inconsistent_rate_median,decision_coverage_mean,decision_coverage_std,decision_coverage_median,selective_accuracy_mean,selective_accuracy_std,selective_accuracy_median,selective_risk_mean,selective_risk_std,selective_risk_median,balanced_three_state_accuracy_mean,balanced_three_state_accuracy_std,balanced_three_state_accuracy_median,q_inconsistent_roc_auc_mean,q_inconsistent_roc_auc_std,q_inconsistent_roc_auc_median,q_inconsistent_average_precision_mean,q_inconsistent_average_precision_std,q_inconsistent_average_precision_median,q_inconsistent_mean_separation_mean,q_inconsistent_mean_separation_std,q_inconsistent_mean_separation_median,region_transitions_per_1000_steps_mean,region_transitions_per_1000_steps_std,region_transitions_per_1000_steps_median,mean_region_dwell_steps_mean,mean_region_dwell_steps_std,mean_region_dwell_steps_median,event_detection_rate_mean,event_detection_rate_std,event_detection_rate_median,mean_detection_delay_steps_mean,mean_detection_delay_steps_std,mean_detection_delay_steps_median,median_detection_delay_steps_mean,median_detection_delay_steps_std,median_detection_delay_steps_median,worst_detection_delay_steps_mean,worst_detection_delay_steps_std,worst_detection_delay_steps_median,mean_recovery_delay_steps_mean,mean_recovery_delay_steps_std,mean_recovery_delay_steps_median,undetected_event_count_mean,undetected_event_count_std,undetected_event_count_median
5,25,0.95,0.5,0.95,0.5,20,0.6225591715976331,0.06562144885449644,0.6205621301775148,0.355103550295858,0.06271409808887399,0.35133136094674555,0.022337278106508877,0.015491894131015779,0.028846153846153848,0.1945,0.04876184479750385,0.18571428571428572,0.7295,0.04786140705949089,0.73,0.076,0.042697949952926306,0.09071428571428572,0.4544331395348837,0.03713558369810572,0.44694767441860467,0.7587061686429435,0.04311792829345086,0.7687806538784803,0.24129383135705657,0.04311792829345086,0.23121934612151968,0.34927958579881657,0.03161451698678599,0.34638841927303465,0.7903365384615384,0.033732593110086785,0.7845097210481826,0.7831455094659314,0.0334253537286105,0.7789156972353519,0.26052399165970574,0.04406590074408907,0.2503985578912641,50.763081395348834,8.525173796824395,52.325581395348834,19.956676646404343,3.443711943876696,18.84931506849315,0.19166666666666665,0.09785715810206662,0.16666666666666666,64.47222222222223,40.1513578344209,41.0,64.47222222222223,40.1513578344209,41.0,76.05555555555556,51.2484975070687,41.0,24.625,5.038412390347249,23.25,4.85,0.5871429486123998,5.0
5,25,0.98,0.5,0.95,0.5,20,0.7550295857988166,0.0489600394455479,0.764792899408284,0.22056213017751478,0.047344333404467816,0.20414201183431951,0.02440828402366864,0.016876740077000824,0.03180473372781065,0.2987857142857143,0.06387130421097703,0.30428571428571427,0.6265714285714286,0.05951540792837408,0.6221428571428571,0.07464285714285715,0.04467780586904141,0.09357142857142858,0.5728924418604651,0.035641363708790494,0.5715843023255813,0.7148703812689872,0.04262719318122078,0.7169672248461428,0.28512961873101283,0.042627193181220775,0.28303277515385716,0.4148362214708369,0.02588595064428135,0.4207988165680473,0.7768898985629755,0.032806075301040634,0.7762975486052408,0.7652887646607673,0.03603861685536007,0.7677981412457717,0.23202324520199932,0.0449530145492336,0.22244889607057253,30.087209302325583,7.952000073696571,29.433139534883722,34.56824162758312,9.042899676247282,33.2,0.175,0.08506963092234006,0.16666666666666666,60.861111111111114,42.37223201285995,37.0,60.861111111111114,42.37223201285995,37.0,68.27777777777777,52.52988567367046,37.0,22.591666666666665,4.191496194782621,22.083333333333336,4.95,0.5104177855340405,5.0
5,25,0.99,0.5,0.95,0.5,20,0.7876479289940829,0.047138506979213034,0.7958579881656804,0.18653846153846154,0.04571057569812546,0.18195266272189348,0.025813609467455624,0.017774011185479662,0.03550295857988166,0.3752142857142857,0.06993978536426274,0.3857142857142857,0.5472857142857143,0.06482712696840301,0.54,0.0775,0.04359237755973421,0.09285714285714286,0.6299418604651164,0.03729132922435501,0.6384447674418605,0.6780839349789476,0.040190843846140197,0.6717406847639213,0.32191606502105236,0.040190843846140197,0.32825931523607865,0.43257396449704144,0.024360955615294118,0.432762045646661,0.7597458791208791,0.03507675123473062,0.7591251056635672,0.7510677180153323,0.040162410597280956,0.7506772807463726,0.22006578545883954,0.04909053644945519,0.21251115758086658,24.09156976744186,7.367257466379882,23.982558139534884,43.70788335275846,12.784175488787076,40.470588235294116,0.18333333333333332,0.09208437524218041,0.16666666666666666,59.80555555555556,39.511033041748526,40.0,59.80555555555556,39.511033041748526,40.0,67.77777777777777,46.963760190617506,40.0,21.791666666666664,4.158720493174658,20.833333333333332,4.9,0.5525062514530826,5.0
5,25,0.995,0.5,0.95,0.5,20,0.7826923076923077,0.04287094062919802,0.7892011834319527,0.19178994082840237,0.04145145797960326,0.18417159763313612,0.02551775147928994,0.017541810398831036,0.03550295857988166,0.4161428571428571,0.0768458498565268,0.4235714285714286,0.5018571428571429,0.07711375112290217,0.5021428571428572,0.082,0.04461651854610667,0.095,0.6504723837209302,0.04619166536478613,0.6453488372093024,0.6569718198045741,0.03975507723963767,0.6536054468363408,0.3430281801954259,0.03975507723963766,0.34639455316365914,0.4323461538461538,0.02423596643584229,0.436614539306847,0.7270623415046492,0.03475917078214521,0.712129120879121,0.7329542022161495,0.039292414857064875,0.7300413262612355,0.21671972687335644,0.054292229279038276,0.21630648947987385,25.50872093023256,5.229476006450449,26.88953488372093,39.613497836256755,8.100456588820808,36.21052631578947,0.21666666666666665,0.13355245153100528,0.16666666666666666,59.69444444444444,36.927293429115544,39.5,58.97222222222222,37.67331409328415,36.5,73.72222222222223,51.60347178876238,39.5,21.775,4.048418577970431,21.416666666666664,4.7,0.8013147091860319,5.0
5,35,0.95,0.5,0.95,0.5,20,0.7759009009009008,0.03986576152903451,0.777027027027027,0.1966216216216216,0.0379774288440162,0.19144144144144143,0.02747747747747748,0.018480318625907512,0.03753753753753754,0.34114285714285714,0.06432262933422664,0.3514285714285714,0.5909285714285714,0.0606663233820546,0.5835714285714286,0.06792857142857142,0.04183101137137745,0.08499999999999999,0.6013177159590044,0.034669911052577634,0.603221083455344,0.6881831023030551,0.03941055426105922,0.6887425351605022,0.3118168976969448,0.039410554261059244,0.3112574648394978,0.4219147361647361,0.022205579007885116,0.4228249678249678,0.7635286357786357,0.03128680649885493,0.7691344916344915,0.7504141143112599,0.035566290771565964,0.7510466531870463,0.21397043815887148,0.04312961652688417,0.20472368714276626,28.147877013177162,9.516763385820706,27.086383601756957,38.294507985120546,13.083268337370118,35.97227997227998,0.175,0.1008008864715499,0.16666666666666666,58.05882352941177,33.47521581004986,43.5,58.05882352941177,33.47521581004986,43.5,64.23529411764706,42.03351254024089,44.0,22.091666666666665,3.4937182558789694,22.333333333333332,4.95,0.6048053188292996,5.0
5,35,0.98,0.5,0.95,0.5,20,0.7998498498498499,0.03435747382110919,0.8010510510510511,0.17064564564564563,0.03204210425582573,0.16891891891891891,0.0295045045045045,0.02028723920799855,0.03903903903903904,0.41592857142857137,0.0772767912795418,0.4107142857142857,0.5164285714285715,0.06937112013903761,0.5142857142857142,0.06764285714285714,0.0420379732178703,0.08571428571428572,0.6521595900439239,0.03899865748921285,0.6522693997071742,0.6526919250443515,0.039983919363512394,0.6498612668233175,0.34730807495564864,0.03998391936351241,0.3501387331766826,0.43374635349635354,0.020272765313605924,0.43734019734019736,0.74425429000429,0.03108155360184351,0.7499538824538825,0.7289173421248991,0.035209196168869104,0.7260495148778725,0.18482270235914017,0.041920709666255156,0.17487999682086383,21.632503660322108,6.33530196949574,21.2298682284041,48.48159588593346,14.415139401821047,45.58398220244716,0.175,0.10080088647154989,0.16666666666666666,62.23529411764706,37.167743763518764,44.0,62.23529411764706,37.167743763518764,44.0,71.52941176470588,50.370027852705746,44.0,21.716666666666665,3.6690980774237127,22.166666666666664,4.95,0.6048053188292994,5.0
5,35,0.99,0.5,0.95,0.5,20,0.8072072072072072,0.03309547670721721,0.8040540540540541,0.1623873873873874,0.03139869435148625,0.15990990990990991,0.030405405405405407,0.021289547957838835,0.04054054054054054,0.4767142857142857,0.08133697526079833,0.4585714285714286,0.45357142857142857,0.07279962346900419,0.4564285714285714,0.06971428571428571,0.042077111964050375,0.08642857142857144,0.6883967789165447,0.040410929777092784,0.691800878477306,0.6250282723854546,0.039809615268640075,0.6197179636639442,0.37497172761454545,0.03980961526864008,0.38028203633605584,0.43846074646074645,0.022141133271027173,0.4390165165165165,0.7214342020592021,0.0342214632304341,0.7258118833118833,0.7125103254770417,0.03880949522013954,0.7161060140881522,0.17232871261486182,0.04765399740022083,0.16854662410108004,19.143484626647144,4.426130943204025,17.569546120058565,52.653896931781006,11.442103897288469,54.64,0.15833333333333333,0.08506963092234006,0.16666666666666666,58.14705882352941,40.84565640381879,39.0,58.14705882352941,40.84565640381879,39.0,62.470588235294116,47.808364392461215,39.0,20.883333333333333,3.8044679796506546,21.0,5.05,0.5104177855340404,5.0
5,35,0.995,0.5,0.95,0.5,20,0.8111111111111111,0.03085864857225874,0.8055555555555556,0.15773273273273275,0.028883909468285597,0.15615615615615616,0.031156156156156155,0.020290748250942417,0.04054054054054054,0.4957142857142857,0.08886562829682021,0.49642857142857144,0.43121428571428566,0.08548500034883412,0.43142857142857144,0.07307142857142858,0.04168903087601474,0.08785714285714286,0.7021229868228404,0.0495195652459803,0.6972913616398243,0.6184751166103342,0.038889130653088334,0.6091015078501477,0.38152488338966584,0.038889130653088314,0.3908984921498523,0.4420912698412699,0.020882187158985436,0.4429890604890605,0.6922212569712569,0.03536813847692058,0.6929257829257829,0.6981288839878153,0.03934031971107626,0.7048883865852943,0.17079727902172867,0.05088032700319692,0.15997300157935296,20.97364568081991,4.613351142121712,21.961932650073205,48.74728561627619,13.735755397880446,44.064516129032256,0.19166666666666665,0.12419330339509911,0.16666666666666666,59.07843137254902,36.26480146317361,43.0,58.470588235294116,35.62893425128449,43.0,71.0,52.86539510870982,43.0,20.45,3.593813723055689,21.25,4.85,0.7451598203705947,5.0
5,50,0.95,0.5,0.95,0.5,20,0.7887096774193548,0.04177888674506261,0.7811059907834101,0.1773425499231951,0.034845275939504115,0.1774193548387097,0.033947772657450075,0.02410255240111773,0.04531490015360983,0.49692857142857144,0.07126338041206788,0.4992857142857143,0.446,0.06326525068429019,0.44285714285714284,0.05707142857142857,0.04021551768302164,0.06928571428571428,0.6834566987416728,0.037919604809929786,0.6909696521095485,0.6004090003274957,0.032452325973952555,0.5947082702980908,0.3995909996725043,0.032452325973952534,0.4052917297019092,0.42289055299539174,0.019692607429162654,0.42161290322580647,0.7095561773096335,0.029573710587058388,0.7134869431643625,0.6933007260138557,0.03623707222067135,0.6904472602400789,0.13926993150954314,0.03620412048926841,0.13438134905358023,16.95040710584752,4.8857423595137055,18.504811250925243,62.096558334485664,22.25514533095751,52.038518518518515,0.15833333333333333,0.1008008864715499,0.16666666666666666,57.65625,15.650046592049922,52.5,57.65625,15.650046592049922,52.5,61.3125,19.689993228371954,52.5,22.925,4.6407409546523,23.75,5.05,0.6048053188292994,5.0
5,50,0.98,0.5,0.95,0.5,20,0.7921658986175115,0.04191428942038589,0.7834101382488479,0.17250384024577575,0.03462942952090528,0.1758832565284178,0.03533026113671275,0.02554876368132659,0.046850998463901686,0.5588571428571429,0.07807649998318354,0.5442857142857143,0.385,0.06581636399968958,0.39,0.05614285714285714,0.04147417764568222,0.06785714285714287,0.7173945225758697,0.04130973371334483,0.7116950407105848,0.573737096648978,0.031871261859426084,0.5699698029243483,0.426262903351022,0.03187126185942606,0.43003019707565165,0.42415437788018434,0.020027767459141373,0.4227304147465438,0.6857915295150318,0.03125032248022537,0.6869969278033794,0.6706491143489435,0.035033643091641656,0.6710096309079074,0.11499675228450498,0.03542353123795021,0.11124980480851063,17.246484085862328,5.223472617136151,16.28423390081421,60.2658559799012,17.698176769773028,58.73913043478261,0.14166666666666666,0.11180339887498948,0.16666666666666666,53.0,7.7583701698428715,51.5,53.0,7.7583701698428715,51.5,57.142857142857146,15.951161726957707,52.5,22.441666666666666,4.66267843363003,23.75,5.15,0.670820393249937,5.0
5,50,0.99,0.5,0.95,0.5,20,0.7973118279569892,0.040651958493220064,0.782642089093702,0.16643625192012287,0.035469798650757285,0.16897081413210446,0.036251920122887867,0.025864711387597786,0.047619047619047616,0.5987142857142858,0.07507518608740177,0.6000000000000001,0.3452857142857143,0.06827331815631227,0.35285714285714287,0.055999999999999994,0.03950988672853702,0.07142857142857142,0.7408956328645447,0.04329399897128465,0.7431532198371577,0.5586992865954968,0.0290974630222863,0.5521044176706827,0.44130071340450316,0.029097463022286295,0.44789558232931725,0.4266559139784946,0.020423391448543014,0.42530721966205837,0.658179778362958,0.03213499719464654,0.6554652183454026,0.6516381601873735,0.03404022779098815,0.653064729858968,0.10419849375529866,0.03608758849064565,0.09880892824748207,16.580310880829014,3.5163754461972556,15.544041450777202,60.182420868384554,13.140701941674795,61.53623188405797,0.14166666666666666,0.08156008082159882,0.16666666666666666,60.09375,29.764754744496045,50.0,60.09375,29.764754744496045,50.0,62.0625,31.623764798012267,50.0,21.716666666666665,4.3495311302060555,23.5,5.15,0.489360484929593,5.0
5,50,0.995,0.5,0.95,0.5,20,0.7989247311827957,0.04307970634371976,0.7880184331797235,0.1642089093701997,0.03758330812808039,0.16589861751152074,0.03686635944700461,0.025568199791921042,0.04915514592933948,0.6181428571428571,0.0793774109049695,0.6121428571428571,0.3224285714285714,0.0692744351721546,0.33999999999999997,0.05942857142857143,0.04205872831271164,0.07142857142857142,0.7538119911176906,0.04381828747764316,0.7431532198371578,0.5525140590403492,0.031371988528870805,0.5511095937179925,0.4474859409596507,0.0313719885288708,0.4488904062820075,0.4291766513056835,0.022605705681164927,0.42643241167434714,0.6257503291639236,0.03896757715596307,0.634092604783849,0.6381198603695349,0.04051880896859491,0.640578208228261,0.10640455948475307,0.04282201936426382,0.09733753229769196,15.099925980754998,4.8650412213634295,14.803849000740193,68.7917669384365,20.378985985283535,64.33333333333333,0.15833333333333333,0.08506963092234006,0.16666666666666666,60.26470588235294,29.09043960600438,50.0,60.26470588235294,29.09043960600438,50.0,62.94117647058823,30.98884998720365,50.0,21.275,4.631217174201602,22.583333333333332,5.05,0.5104177855340405,5.0
5,70,0.95,0.5,0.95,0.5,20,0.7741679873217115,0.05464156331944202,0.7591125198098256,0.18312202852614895,0.043222536680021344,0.18225039619651345,0.04270998415213946,0.029169830674256617,0.05705229793977813,0.6620714285714285,0.07395454666987793,0.6699999999999999,0.2945,0.0639586920262937,0.29642857142857143,0.04342857142857143,0.03352988951473047,0.045714285714285714,0.7583020285499624,0.04302814211767466,0.7592036063110443,0.5147587227548733,0.026927274570499073,0.519851514627634,0.48524127724512667,0.026927274570499073,0.480148485372366,0.4087982793751415,0.023599535964574758,0.4111133122028526,0.6131060674666063,0.031930515500471136,0.6113074484944532,0.6064870976428921,0.033161595990229026,0.607868947725248,0.04830147796005342,0.02394012155288497,0.05122152507440709,15.101427498121712,5.193261999445553,14.274981217129977,70.49923952135002,26.42309961228261,66.71679197994987,0.15833333333333333,0.11438879019220996,0.16666666666666666,69.36666666666666,10.393106689852976,68.5,69.36666666666666,10.393106689852976,68.5,73.86666666666666,16.608374250302024,69.0,23.466666666666665,5.562142294169107,24.416666666666668,5.05,0.6863327411532598,5.0
5,70,0.98,0.5,0.95,0.5,20,0.7765451664025356,0.056214363530343085,0.7702060221870047,0.17900158478605388,0.04240746529013442,0.18225039619651348,0.04445324881141046,0.030507700235071177,0.056259904912836764,0.7045,0.07106414554439451,0.705,0.254,0.060914265965097164,0.26285714285714284,0.041499999999999995,0.03195214937408843,0.04785714285714286,0.7815552216378663,0.04397860764405118,0.7783621337340345,0.49948349817627247,0.02133543000771633,0.5060408974109822,0.5005165018237275,0.021335430007716327,0.49395910258901776,0.40902258320126783,0.021925853929084107,0.4076086710436948,0.5831561014263075,0.03371790433161465,0.5865406384423817,0.5842401108119004,0.03098170379995883,0.5894180602256205,0.03193893822489637,0.023878972811912758,0.03499044896062294,13.598797896318558,5.2388277946787785,12.772351615326823,78.48782936354493,27.922109505905077,74.17337461300309,0.15,0.1067872125861979,0.16666666666666666,68.73333333333333,12.433920578497395,67.0,68.73333333333333,12.433920578497395,67.0,72.6,18.59646663827759,67.0,23.316666666666666,5.885332148904086,22.75,5.1,0.6407232755171874,5.0
5,70,0.99,0.5,0.95,0.5,20,0.7820919175911252,0.05431156107337366,0.777337559429477,0.17321711568938195,0.04167050045466199,0.17274167987321712,0.04469096671949287,0.031210736132007397,0.058637083993660855,0.7257857142857143,0.05963994184942136,0.7242857142857143,0.23192857142857143,0.0507034829116996,0.23357142857142857,0.04228571428571429,0.03259424079128815,0.04785714285714286,0.7959053343350864,0.03718680723119047,0.7982719759579264,0.49405913793950224,0.01988592466113442,0.4973689202483881,0.5059408620604977,0.019885924661134417,0.502631079751612,0.4121888159384198,0.021233457670788145,0.41186608557844695,0.554573352954494,0.033682037563992406,0.5541442155309033,0.5694074660981598,0.03057087662915558,0.5727153605024657,0.028200765947932853,0.02548842260622336,0.03202912578661682,11.945905334335086,4.480786361497997,11.269722013523666,87.8107531801265,29.384498168755147,83.51372549019608,0.14166666666666666,0.11180339887498948,0.16666666666666666,66.07142857142857,10.613592777582513,66.5,66.07142857142857,10.613592777582513,66.5,70.35714285714286,18.479123950502142,66.5,22.55,5.602082945952633,21.833333333333336,5.15,0.6708203932499369,5.0
5,70,0.995,0.5,0.95,0.5,20,0.7843898573692552,0.05493103526063472,0.7868462757527734,0.1690174326465927,0.04177560525077617,0.1664025356576862,0.046592709984152145,0.031530137169447865,0.060221870047543584,0.7372142857142857,0.06128673080461632,0.7378571428571428,0.21735714285714286,0.04667752801843648,0.22999999999999998,0.04542857142857143,0.03526666862944555,0.05071428571428571,0.8055597295266717,0.0353194509880247,0.8001502629601803,0.4914774493573023,0.021223287028663166,0.49277787260003847,0.5085225506426977,0.021223287028663176,0.5072221273999615,0.4149092143989133,0.02219883228262406,0.41522017206248585,0.5216058410685986,0.03683164756043264,0.5201822503961966,0.5544916483414981,0.030346940375245008,0.5532932582766003,0.02817075935049305,0.02544973906941877,0.028690743306386844,12.321562734785875,5.196121567967649,10.518407212622089,87.64542385955221,31.86953427461543,88.73333333333333,0.15,0.1067872125861979,0.16666666666666666,66.4,12.285589700364989,65.0,66.4,12.285589700364989,65.0,69.86666666666666,17.81999946555501,65.0,22.583333333333336,5.795869672720212,22.166666666666664,5.1,0.6407232755171874,5.0
7,35,0.95,0.5,0.95,0.5,20,0.5153153153153153,0.06567444311251974,0.5277777777777778,0.46073573573573573,0.07096422628455888,0.4692192192192192,0.02394894894894895,0.017641843953552727,0.03153153153153153,0.175,0.04154249309497024,0.1707142857142857,0.7598571428571429,0.0532103621705405,0.765,0.06514285714285714,0.04332922947324859,0.08571428571428572,0.3859809663250366,0.043868524254459466,0.38543191800878474,0.7365817832797764,0.051135833538373546,0.7340340179717586,0.2634182167202236,0.05113583353837355,0.26596598202824134,0.2902290862290863,0.04044276953450723,0.28061239811239813,0.763558344058344,0.030406560442332697,0.768970398970399,0.757860221249927,0.03509639134919819,0.7505746431500506,0.22047247502628337,0.038384604817319715,0.21932452490264487,44.58272327964861,9.585940073236365,44.289897510980964,23.169786302506743,5.806928837654538,22.248146186440678,0.14166666666666666,0.08156008082159882,0.16666666666666666,56.96875,43.17115887179001,40.0,56.96875,43.17115887179001,40.0,58.8125,44.1334623613421,40.0,34.09166666666667,6.5946715598622605,33.0,5.15,0.489360484929593,5.0
7,35,0.98,0.5,0.95,0.5,20,0.6507507507507507,0.05642424821674836,0.6636636636636637,0.3237987987987988,0.050886399006880356,0.3055555555555556,0.02545045045045045,0.0186997307797511,0.03303303303303303,0.2739285714285714,0.04838059592748526,0.27714285714285714,0.662,0.05589117860027291,0.6614285714285715,0.06407142857142857,0.04346257819716377,0.08428571428571428,0.502891654465593,0.03825838914040056,0.5047584187408491,0.6969493404025816,0.0373654197877204,0.6902689515415035,0.30305065959741834,0.03736541978772041,0.30973104845849647,0.3574110896610897,0.02780945946400886,0.3663803088803089,0.7429440154440154,0.031275458832862486,0.7461368511368511,0.7388699502465833,0.0365836712583519,0.7305896411873559,0.1974613407618915,0.03791500670639801,0.19455049861324078,30.636896046852126,6.630295276820245,31.112737920937043,33.31109941122696,7.343043878192405,31.40644820295983,0.14166666666666666,0.08156008082159882,0.16666666666666666,57.65625,43.13958690499172,40.5,57.65625,43.13958690499172,40.5,59.5,44.11651240370964,40.5,31.166666666666668,6.0538518983385705,29.166666666666664,5.15,0.489360484929593,5.0
7,35,0.99,0.5,0.95,0.5,20,0.7021771771771772,0.052287200661013646,0.7072072072072072,0.2710960960960961,0.047013203450433305,0.2635135135135135,0.026726726726726723,0.019982711139783737,0.03528528528528528,0.3557142857142857,0.05582118143192085,0.365,0.5799285714285715,0.05824957415609383,0.5864285714285714,0.06435714285714286,0.043245049014101124,0.08428571428571428,0.5706442166910688,0.04270251028388376,0.5739385065885798,0.6584867414734933,0.03194830320067138,0.6547104855928385,0.3415132585265067,0.03194830320067138,0.3452895144071615,0.38326716001716005,0.02778482864633424,0.3903936078936079,0.7143028743028743,0.03332216018844878,0.7208086658086658,0.717334713908767,0.03830676248159527,0.7141094659713791,0.17738137539919624,0.040164631834897505,0.1752732549345878,25.512445095168374,4.59497240438971,25.988286969253295,39.350994705702284,7.745287816699861,37.43168168168168,0.14166666666666666,0.08156008082159882,0.16666666666666666,57.75,42.968981059984806,41.0,57.75,42.968981059984806,41.0,59.625,43.99526489672875,41.0,28.9,5.166355395264195,28.5,5.15,0.489360484929593,5.0
7,35,0.995,0.5,0.95,0.5,20,0.7093843843843844,0.048716298451580785,0.7117117117117117,0.26381381381381386,0.04379786534543958,0.25900900900900903,0.0268018018018018,0.019469455925952363,0.036036036036036036,0.3955,0.08693402192215519,0.3842857142857143,0.5400714285714285,0.07797721306413989,0.5671428571428572,0.06442857142857142,0.043855293732907204,0.08357142857142857,0.594619326500732,0.05136868616944438,0.5918740849194729,0.6395189669888008,0.04484424715805682,0.6430928416411763,0.3604810330111991,0.044844247158056814,0.35690715835882364,0.3869064779064779,0.025646327657064157,0.3934395109395109,0.6899032604032603,0.03771510725435559,0.6947286572286573,0.7053834644632212,0.040050438932519083,0.7126771808591517,0.1759540803998907,0.04019246057318258,0.17338530005488006,25.805270863836018,5.170343495591604,25.988286969253295,39.17431314503433,8.358475726578257,37.43168168168168,0.14166666666666666,0.08156008082159882,0.16666666666666666,57.59375,42.92599008759145,40.5,57.59375,42.92599008759145,40.5,59.4375,43.91046762067863,40.5,27.775,5.6338770110323315,27.5,5.15,0.489360484929593,5.0
7,50,0.95,0.5,0.95,0.5,20,0.7091397849462366,0.04918362371374199,0.6989247311827957,0.261136712749616,0.04298764725932862,0.2680491551459293,0.029723502304147463,0.021901772732662472,0.03840245775729646,0.37464285714285717,0.054384308961542296,0.3828571428571429,0.5720714285714286,0.04631298509720996,0.562142857142857,0.053285714285714283,0.03853688232950047,0.06785714285714287,0.5777572168763878,0.03420810017562385,0.5780903034789046,0.6398412904355606,0.031827409733365675,0.6405180267414394,0.3601587095644394,0.031827409733365675,0.35948197325856057,0.38121274961597545,0.023504336060885478,0.3837480798771122,0.7127678297125302,0.033595261682681975,0.7234452490673688,0.7036348571668404,0.03880961159579425,0.6948461261311847,0.15186945731772067,0.034895474391982644,0.14966912163306137,21.354552183567726,5.80485666338252,20.72538860103627,48.096037003304964,12.16394022306688,46.58620689655172,0.125,0.09168660070336346,0.16666666666666666,52.0,8.15239464584109,51.5,52.0,8.15239464584109,51.5,54.142857142857146,15.240922356790428,51.5,30.1,4.9863556521831125,31.25,5.25,0.5501196042201808,5.0
7,50,0.98,0.5,0.95,0.5,20,0.7311827956989247,0.047518534433420676,0.7211981566820277,0.2377880184331797,0.044730747462075615,0.23271889400921658,0.031029185867895548,0.022683504917879547,0.041474654377880185,0.44314285714285717,0.06654041034122113,0.4307142857142857,0.5041428571428572,0.05824482569920176,0.5107142857142857,0.052714285714285714,0.0387059753031436,0.06785714285714287,0.6242042931162102,0.038043981905487224,0.6202812731310141,0.609000378261879,0.03532028301229356,0.6215370852645679,0.390999621738121,0.03532028301229358,0.37846291473543214,0.39194854070660523,0.025186547245638728,0.3937096774193548,0.6843325652841782,0.035673529494187006,0.695707702435813,0.680355195371267,0.040221534769337625,0.6759018476113865,0.12845380832854136,0.03511076525364717,0.12675962759592668,18.578830495928944,5.738030730771146,17.39452257586973,55.72937165620275,14.699315367939045,55.16583333333333,0.125,0.09168660070336346,0.16666666666666666,52.42857142857143,8.724098240499709,51.0,52.42857142857143,8.724098240499709,51.0,54.57142857142857,15.638779638176011,51.0,28.81666666666667,5.284839842771272,29.916666666666664,5.25,0.5501196042201808,5.0
7,50,0.99,0.5,0.95,0.5,20,0.7433179723502304,0.054687325372280854,0.7311827956989247,0.22480798771121352,0.05047463747595136,0.21812596006144394,0.031874039938556066,0.02364465042590285,0.039938556067588324,0.5007857142857143,0.08003822260901544,0.4757142857142857,0.4462857142857143,0.07189083501371263,0.4657142857142857,0.05292857142857142,0.038956515458524354,0.06785714285714287,0.6604367135455218,0.044863025863448786,0.6602516654330126,0.5850660140201897,0.03920737848690041,0.5983273748723187,0.41493398597981035,0.039207378486900424,0.4016726251276813,0.3981232718894009,0.027238986717844773,0.4025384024577573,0.6504619267061663,0.03635424238517418,0.6563780996269476,0.6572762875479266,0.039633856280352604,0.6527949586790015,0.11192901530583735,0.03479236159503296,0.10909339906166612,18.39378238341969,4.3841380086195745,17.764618800888233,55.56378079349298,16.160386604184993,54.04,0.125,0.09168660070336346,0.16666666666666666,52.107142857142854,8.343995011219313,51.0,52.107142857142854,8.343995011219313,51.0,54.214285714285715,15.277829947740877,51.0,27.6,6.169250288552653,29.333333333333336,5.25,0.5501196042201808,5.0
7,50,0.995,0.5,0.95,0.5,20,0.7447772657450077,0.06069205055850907,0.7350230414746544,0.22296466973886328,0.05790451536464475,0.2181259600614439,0.03225806451612903,0.023692529408127116,0.043010752688172046,0.5095714285714286,0.086347411094906,0.4857142857142857,0.43764285714285717,0.0808736865033113,0.46071428571428574,0.05278571428571429,0.03894824294312397,0.07,0.6658031088082901,0.05175416651318097,0.6565507031828275,0.581482310631568,0.04004633185787585,0.6013965655090903,0.41851768936843203,0.04004633185787586,0.39860343449090974,0.398781490015361,0.029980372722503583,0.40602150537634407,0.6275905200789993,0.035556013650596775,0.624212201009436,0.6489105749053204,0.04195737012269131,0.6432441168224869,0.11472397861105843,0.036036482294764124,0.11115399340818831,17.80162842339008,4.53416569904363,17.764618800888233,57.256665476296554,14.769092949978996,54.04,0.125,0.09168660070336346,0.16666666666666666,52.32142857142857,8.628234383199647,51.0,52.32142857142857,8.628234383199647,51.0,54.5,15.80043816334997,51.0,26.883333333333333,6.863774727420176,28.333333333333336,5.25,0.5501196042201808,5.0
7,70,0.95,0.5,0.95,0.5,20,0.7282091917591125,0.0619689850903872,0.7234548335974643,0.23407290015847862,0.05739441082130522,0.23217115689381934,0.03771790808240887,0.028649144947008987,0.049128367670364506,0.5675714285714285,0.07601246435185552,0.5621428571428572,0.3934285714285714,0.06504134023718781,0.39571428571428574,0.039,0.031123260717346345,0.04428571428571428,0.6821187077385424,0.04717275831513353,0.6833208114199849,0.5368108816423706,0.031964857487535504,0.5425404149918907,0.46318911835762944,0.03196485748753549,0.4574595850081094,0.38360459587955625,0.02932651077036734,0.38548279375141503,0.6199590219606067,0.039071051072811,0.6173601992302468,0.6200369113629824,0.038983254629187225,0.6214105696698916,0.061326069117374496,0.02791499943268194,0.062302996881393714,17.58076634109692,5.161702190027849,16.52892561983471,59.30668941424153,19.5244202094019,57.869565217391305,0.13333333333333333,0.10259783520851541,0.16666666666666666,67.60714285714286,9.278135114816513,68.5,67.60714285714286,9.278135114816513,68.5,71.64285714285714,17.705310558643756,68.5,28.008333333333333,6.6318112950107055,28.333333333333336,5.2,0.6155870112510926,5.0
7,70,0.98,0.5,0.95,0.5,20,0.7385103011093502,0.06396644711735658,0.7337559429477021,0.2223454833597464,0.0580197580002499,0.205229793977813,0.039144215530903324,0.029465717753663384,0.049128367670364506,0.6140000000000001,0.07732031941068362,0.6085714285714285,0.34835714285714287,0.06961344086670207,0.3628571428571429,0.037642857142857145,0.02995261205388769,0.04214285714285714,0.7113824192336589,0.05035212152724302,0.7084898572501879,0.5206304102106378,0.03112336600395616,0.5335131783005178,0.4793695897893622,0.03112336600395617,0.46648682169948225,0.3880765791261037,0.029956165160135276,0.3964200815032828,0.5863444645687118,0.04187638729331526,0.5867930722209644,0.5964013167531007,0.039592587082466046,0.5995498161244157,0.04600331476856928,0.02827521610687763,0.047919178327995166,14.12471825694966,4.031978321562356,15.026296018031555,72.55648372811368,21.33895827885192,63.38095238095238,0.125,0.09168660070336346,0.16666666666666666,66.92857142857143,9.691108420484337,67.0,66.92857142857143,9.691108420484337,67.0,69.21428571428571,16.305631737949508,67.0,26.90833333333333,6.698274849908168,24.833333333333336,5.25,0.5501196042201808,5.0
7,70,0.99,0.5,0.95,0.5,20,0.748811410459588,0.06410165997322087,0.7614896988906498,0.21133122028526147,0.05673695997420907,0.19730586370839936,0.03985736925515056,0.029524763193645852,0.05150554675118859,0.6553571428571429,0.0749419754060823,0.6528571428571428,0.3071428571428571,0.0671580529916752,0.3314285714285714,0.0375,0.029583122165829798,0.04428571428571428,0.7382794891059354,0.049517393465039874,0.7268970698722765,0.5080169894462453,0.028430926906778165,0.5172023108770096,0.4919830105537547,0.028430926906778176,0.4827976891229903,0.393155705229794,0.029365475447614163,0.3989981888159384,0.550391442155309,0.04013881141789489,0.5540185646366311,0.5767679116923939,0.037349416544213636,0.5859069387014574,0.036822781579228143,0.02833331214691002,0.036436209309649706,13.899323816679189,5.33770352217216,13.5236664162284,77.83903048101101,29.59475393965852,70.05263157894737,0.125,0.09168660070336346,0.16666666666666666,67.03571428571429,10.01626424624218,67.0,67.03571428571429,10.01626424624218,67.0,69.35714285714286,16.676132842880765,67.0,25.95,6.729332665922748,24.416666666666668,5.25,0.5501196042201808,5.0
7,70,0.995,0.5,0.95,0.5,20,0.751822503961965,0.06416946855458233,0.7709984152139461,0.20792393026941364,0.05773083309184401,0.1988906497622821,0.040253565768621234,0.029318654712549314,0.05309033280507132,0.6562857142857144,0.0770277615360917,0.6478571428571429,0.306,0.06926745748149409,0.3264285714285714,0.037714285714285714,0.02924543351209585,0.04214285714285714,0.7404958677685951,0.050154739103780425,0.7280240420736288,0.5086986271065495,0.02985516281632425,0.5173863116062065,0.4913013728934505,0.029855162816324263,0.48261368839379354,0.3947683948381254,0.029331409413172617,0.39903724247226624,0.5320103011093502,0.03900733829460829,0.5366957210776545,0.5706688494650847,0.04002168538206483,0.5790295900516329,0.03734902287535235,0.02786094086359562,0.04005237363022243,13.82419233658903,4.986042543514535,14.274981217129977,77.46417693203395,27.896133908437132,66.71679197994987,0.125,0.09168660070336346,0.16666666666666666,66.78571428571429,9.71262914123487,67.0,66.78571428571429,9.71262914123487,67.0,69.0,16.252810407860117,67.0,25.708333333333332,6.758549924060885,23.916666666666668,5.25,0.5501196042201808,5.0
10,50,0.95,0.5,0.95,0.5,20,0.454147465437788,0.07363542743003564,0.46543778801843316,0.5218125960061444,0.0726776932615836,0.5345622119815668,0.024039938556067588,0.019992741055944677,0.029953917050691246,0.20571428571428568,0.05677324069745434,0.19857142857142857,0.7563571428571428,0.06638991518151544,0.7792857142857142,0.03792857142857143,0.03244585674263657,0.04857142857142857,0.3566617320503331,0.05208339778786249,0.3601036269430052,0.6707485515623592,0.057728903371877784,0.6803884281232189,0.3292514484376408,0.0577289033718778,0.31961157187678113,0.2460380184331797,0.03643718677083695,0.2358678955453149,0.6909570989686197,0.04489599358011476,0.6999067368883036,0.6788174229276358,0.044617859854164485,0.6804983719579563,0.11819835053241161,0.03143807821252794,0.1153843793019651,33.78978534418949,7.663292263256278,33.30866025166543,30.300734876713427,6.54414633866778,29.369565217391305,0.11666666666666665,0.09520676176291322,0.16666666666666666,63.34615384615385,11.778130538177907,62.0,63.34615384615385,11.778130538177907,62.0,65.61538461538461,17.457273849499245,62.0,45.33416666666666,7.513625975013507,43.3,5.3,0.5712405705774795,5.0
10,50,0.98,0.5,0.95,0.5,20,0.5831029185867895,0.0463875453756354,0.5791090629800307,0.3925499231950845,0.04398567922227583,0.3978494623655914,0.024347158218125962,0.020808470533252237,0.029185867895545316,0.34514285714285714,0.06708668262804861,0.3342857142857143,0.6236428571428572,0.06729940955399079,0.6214285714285714,0.031214285714285715,0.027236778540480112,0.03785714285714285,0.48771280532938566,0.04134273804871598,0.48038490007401924,0.6111859139374977,0.04433522162550709,0.611254054581372,0.38881408606250234,0.044335221625507085,0.3887459454186279,0.3071586021505376,0.022686969630237083,0.30188556067588324,0.6512366688610929,0.04428982736666621,0.6502249286811499,0.6393952098881084,0.04212264330876411,0.6457211280398512,0.08070969525018944,0.027132212400204313,0.08071275285365676,24.315321983715766,5.53010560264639,23.3160621761658,41.80845493396442,9.232338716556276,41.81666666666666,0.11666666666666665,0.09520676176291322,0.16666666666666666,69.88461538461539,12.007209372834177,70.0,69.88461538461539,12.007209372834177,70.0,72.15384615384616,17.676944277062113,70.0,41.32333333333334,4.755263012262256,42.25,5.3,0.5712405705774795,5.0
10,50,0.99,0.5,0.95,0.5,20,0.6429339477726574,0.049034928079602386,0.6405529953917051,0.33417818740399385,0.04297746248719307,0.3195084485407066,0.022887864823348696,0.020734482367308085,0.02457757296466974,0.4769285714285714,0.07891759015910121,0.46571428571428575,0.5017142857142857,0.07383262634643031,0.5185714285714286,0.02135714285714286,0.020782103140826753,0.02,0.5790155440414508,0.0465103778392263,0.579940784603997,0.555887700305831,0.03628380464496022,0.5556743520649146,0.444112299694169,0.0362838046449602,0.4443256479350854,0.33214554531490015,0.02190815984555751,0.33376728110599074,0.603770682466535,0.04512072770145129,0.6086800526662278,0.5963147815136424,0.03949687150354901,0.5947636959716924,0.04444389582547882,0.022380718249831108,0.04140114362863884,20.244263508512212,5.545726665548556,18.874907475943743,50.95981764883846,13.832630715380123,50.999287749287745,0.1,0.08377078165833911,0.16666666666666666,75.08333333333333,9.727732925959053,75.0,75.08333333333333,9.727732925959053,75.0,75.08333333333333,9.727732925959053,75.0,37.193333333333335,5.626603475158582,36.33333333333333,5.4,0.5026246899500346,5.0
10,50,0.995,0.5,0.95,0.5,20,0.7017665130568356,0.06503812901999725,0.7027649769585254,0.2827956989247312,0.055321767704808934,0.28110599078341014,0.01543778801843318,0.021064719496130646,0.0,0.6282857142857143,0.09028490529760337,0.6328571428571428,0.3635,0.08525752358358014,0.3621428571428571,0.008214285714285714,0.012801676514804164,0.0,0.6753886010362694,0.0631537687647221,0.6802368615840119,0.5083083861909706,0.029992434525621038,0.5006021083436785,0.49169161380902937,0.02999243452562104,0.49939789165632154,0.35499039938556065,0.029933426749267918,0.35480030721966205,0.5476776387974545,0.04920827424293176,0.5563265306122449,0.5498072393080778,0.03743694627351803,0.5450980114352595,0.009617490095458987,0.01708836454197626,0.009517446921155893,16.617320503330866,6.351392425959842,15.544041450777202,65.34814269435326,24.674307726669515,61.40909090909091,0.075,0.08506963092234007,0.0,87.22222222222223,9.47071509678358,90.0,87.22222222222223,9.47071509678358,90.0,87.22222222222223,9.47071509678358,90.0,30.296666666666663,7.195920709249174,30.75,5.55,0.5104177855340405,6.0
10,70,0.95,0.5,0.95,0.5,20,0.6136291600633914,0.04787771484814289,0.6125198098256734,0.35594294770206025,0.04676539437045998,0.349445324881141,0.030427892234548337,0.025197599891412733,0.03803486529318542,0.47185714285714286,0.07404254590201494,0.46285714285714286,0.5047142857142857,0.06746777883942262,0.5157142857142858,0.02342857142857143,0.020247661015147352,0.029285714285714283,0.5658151765589782,0.045143362752331266,0.5646130728775356,0.5372151327694847,0.03397633312512702,0.5369754338517017,0.4627848672305152,0.03397633312512702,0.4630245661482984,0.31852886574598144,0.02332712303252604,0.3176047090785601,0.595008942721304,0.04490392297366453,0.603901969662667,0.592224555269989,0.039851459264706,0.5940590138210238,0.03908611116463655,0.024807482947504778,0.036422121288251064,16.453794139744552,4.959156970475594,15.026296018031555,62.18197022798712,15.307727511950052,63.38095238095238,0.10833333333333332,0.08156008082159882,0.16666666666666666,74.76923076923077,8.757414441049805,76.0,74.76923076923077,8.757414441049805,76.0,74.76923076923077,8.757414441049805,76.0,40.0,5.5960512393726525,40.75,5.35,0.4893604849295928,5.0
10,70,0.98,0.5,0.95,0.5,20,0.6410459587955626,0.06579097729046327,0.6418383518225039,0.3293977812995246,0.061282103070460135,0.3193343898573693,0.029556259904912834,0.025648267007824053,0.03248811410459588,0.5648571428571428,0.08483939461491422,0.565,0.4184285714285714,0.07762575120582427,0.4278571428571429,0.016714285714285716,0.016202929016086023,0.016428571428571428,0.623779113448535,0.05665115767363912,0.6153268219383923,0.5021955248846588,0.0325391080516931,0.5082596948980506,0.4978044751153412,0.03253910805169308,0.49174030510194944,0.32888012225492413,0.03112608063793953,0.3328050713153724,0.5499529092143989,0.046395979559960956,0.5643411817976002,0.55538557298255,0.03648441617051051,0.5547160265487716,0.011004098962351817,0.022088183067100847,0.008916637585625782,16.07813673929376,3.484982387677192,16.52892561983471,61.72644185949427,12.01888874614084,57.869565217391305,0.1,0.08377078165833911,0.16666666666666666,80.5,7.5015149985004514,80.5,80.5,7.5015149985004514,80.5,80.5,7.5015149985004514,80.5,37.233333333333334,7.084783133362915,36.25,5.4,0.5026246899500346,5.0
10,70,0.99,0.5,0.95,0.5,20,0.6767828843106181,0.07166663569245274,0.6624405705229794,0.2981774960380349,0.06288957017589561,0.2900158478605388,0.025039619651347066,0.02666568141711019,0.01584786053882726,0.6643571428571429,0.08171953687317934,0.6807142857142857,0.32607142857142857,0.07591458114555354,0.31285714285714283,0.009571428571428571,0.012350937204879753,0.002142857142857143,0.687152516904583,0.05949130936911822,0.6855747558226897,0.4745910116697288,0.02762875712990969,0.478100517217659,0.5254089883302713,0.027628757129909694,0.521899482782341,0.3431771564410233,0.03377344369080173,0.3393621236133122,0.5066034638895178,0.048779124104295433,0.5152354539280054,0.5234285523981689,0.034066205170197525,0.5194783550027133,-0.010994039583630807,0.020255171626559595,-0.014356697726527222,15.026296018031555,4.414657989466681,13.5236664162284,67.47963650223335,16.09148458760842,70.05263157894737,0.08333333333333333,0.08549819600709618,0.08333333333333333,86.7,7.717944458640959,88.0,86.7,7.717944458640959,88.0,86.7,7.717944458640959,88.0,32.975,7.6527858704492315,32.916666666666664,5.5,0.512989176042577,5.5
10,70,0.995,0.5,0.95,0.5,20,0.7396196513470682,0.07637512722498549,0.7456418383518225,0.24603803486529321,0.062420360489168734,0.24881141045958796,0.014342313787638668,0.025885278621852942,0.0,0.7709285714285714,0.07112457868278338,0.7821428571428571,0.2255714285714286,0.06634528694558935,0.21785714285714286,0.0034999999999999996,0.0079265559993443,0.0,0.764725770097671,0.05602224014740772,0.7700976709241172,0.4605938670775139,0.023395731495272347,0.457469409637541,0.5394061329224862,0.023395731495272337,0.542530590362459,0.37155982567353407,0.036213944489331,0.37282091917591126,0.4638668779714738,0.050500635559826895,0.47534978492189267,0.4935904610053833,0.03131762623743637,0.4923002090397387,-0.027341333541425622,0.020790534739910854,-0.030665952208770414,11.49511645379414,5.142673339881713,9.015777610818933,95.70254981727129,38.33817537131902,102.38461538461539,0.03333333333333333,0.06839855680567693,0.0,87.75,5.90903263374528,90.0,87.75,5.90903263374528,90.0,87.75,5.90903263374528,90.0,26.626666666666665,7.904130240184632,25.916666666666668,5.8,0.41039134083406176,6.0
