scenario,interval,channel_type,channel_id,metric,n_runs,mean,std,sem,ci95_low,ci95_high,min,max
nominal,nominal,A,S1,b,100,0.922029093422065,2.2316322462394835e-16,2.2316322462394835e-17,0.922029093422065,0.922029093422065,0.9220290934220647,0.9220290934220647
nominal,nominal,A,S1,b_norm,100,1.0,0.0,0.0,1.0,1.0,1.0,1.0
nominal,nominal,A,S1,d,100,0.0,0.0,0.0,0.0,0.0,0.0,0.0
nominal,nominal,A,S1,d_norm,100,0.0,0.0,0.0,0.0,0.0,0.0,0.0
nominal,nominal,A,S1,p_ok,100,0.9610145467110324,3.3474483693592255e-16,3.347448369359225e-17,0.9610145467110323,0.9610145467110325,0.9610145467110327,0.9610145467110327
nominal,nominal,A,S1,selected_score,100,1.0,0.0,0.0,1.0,1.0,1.0,1.0
nominal,nominal,A,S1,u,100,0.07797090657793518,1.3947701538996772e-17,1.3947701538996772e-18,0.07797090657793518,0.07797090657793518,0.07797090657793519,0.07797090657793519
nominal,nominal,A,S2,b,100,0.922029093422065,2.2316322462394835e-16,2.2316322462394835e-17,0.922029093422065,0.922029093422065,0.9220290934220647,0.9220290934220647
nominal,nominal,A,S2,b_norm,100,1.0,0.0,0.0,1.0,1.0,1.0,1.0
nominal,nominal,A,S2,d,100,0.0,0.0,0.0,0.0,0.0,0.0,0.0
nominal,nominal,A,S2,d_norm,100,0.0,0.0,0.0,0.0,0.0,0.0,0.0
nominal,nominal,A,S2,p_ok,100,0.9610145467110324,3.3474483693592255e-16,3.347448369359225e-17,0.9610145467110323,0.9610145467110325,0.9610145467110327,0.9610145467110327
nominal,nominal,A,S2,selected_score,100,1.0,0.0,0.0,1.0,1.0,1.0,1.0
nominal,nominal,A,S2,u,100,0.07797090657793518,1.3947701538996772e-17,1.3947701538996772e-18,0.07797090657793518,0.07797090657793518,0.07797090657793519,0.07797090657793519
nominal,nominal,C_F,overall,b,100,0.7954417658363812,0.008456517117276319,0.0008456517117276319,0.793784288481395,0.7970992431913673,0.7615892752121217,0.8132545795554758
nominal,nominal,C_F,overall,b_norm,100,0.8731603759792654,0.007916269536044756,0.0007916269536044756,0.8716087871502006,0.8747119648083302,0.8429851048374886,0.8908874191035391
nominal,nominal,C_F,overall,d,100,0.11473537841631133,0.006570541569920736,0.0006570541569920735,0.11344755226860687,0.1160232045640158,0.09959606220625865,0.13709784925189286
nominal,nominal,C_F,overall,d_norm,100,0.1268396240207346,0.007916269536044768,0.0007916269536044768,0.1252880351916698,0.12839121284979937,0.10911258089646082,0.1570148951625116
nominal,nominal,C_F,overall,p_ok,100,0.8403531937100351,0.007369763359763461,0.0007369763359763461,0.8389087200915215,0.8417976673285488,0.8122457129801145,0.8568292586746087
nominal,nominal,C_F,overall,selected_score,100,0.8731603759792654,0.007916269536044756,0.0007916269536044756,0.8716087871502006,0.8747119648083302,0.8429851048374886,0.8908874191035391
nominal,nominal,C_F,overall,u,100,0.08982285574730725,0.003480768397644333,0.0003480768397644333,0.08914062514136896,0.09050508635324554,0.08714935823826556,0.10131287553598524
nominal,nominal,C_common,S1,b,100,0.7463775971574003,0.005401993898004219,0.0005401993898004219,0.7453188063533914,0.7474363879614091,0.7311395225956883,0.7596801380105215
nominal,nominal,C_common,S1,b_norm,100,0.8196575501190705,0.005971574217362083,0.0005971574217362083,0.8184871215724675,0.8208279786656735,0.8052241363139458,0.8363888860289225
nominal,nominal,C_common,S1,d,100,0.16420640121833474,0.005456330033869613,0.0005456330033869613,0.1631369605316963,0.1652758419049732,0.14861325171771805,0.1776095830629461
nominal,nominal,C_common,S1,d_norm,100,0.18034244988092954,0.005971574217362086,0.0005971574217362086,0.17917202133432658,0.1815128784275325,0.16361111397107753,0.19477586368605412
nominal,nominal,C_common,S1,p_ok,100,0.791085597969533,0.005408377849572394,0.0005408377849572394,0.7900255559110169,0.7921456400280492,0.777978594035395,0.8055334431464019
nominal,nominal,C_common,S1,selected_score,100,0.8196575501190705,0.005971574217362083,0.0005971574217362083,0.8184871215724675,0.8208279786656735,0.8052241363139458,0.8363888860289225
nominal,nominal,C_common,S1,u,100,0.0894160016242648,0.0009507613634262089,9.507613634262089e-05,0.08922965239703326,0.08960235085149634,0.08786363785920452,0.09367814287941365
nominal,nominal,C_common,S2,b,100,0.7460655567839128,0.006698588248828886,0.0006698588248828886,0.7447526334871424,0.7473784800806833,0.7262006567121874,0.7594258840752887
nominal,nominal,C_common,S2,b_norm,100,0.8193810977560743,0.0071835837412214006,0.0007183583741221401,0.8179731153427948,0.8207890801693537,0.7974061422611497,0.8338986061171189
nominal,nominal,C_common,S2,d,100,0.16443025246683693,0.006498822277504437,0.0006498822277504438,0.16315648330044605,0.1657040216332278,0.1512990046639523,0.18448431306546545
nominal,nominal,C_common,S2,d_norm,100,0.18061890224392566,0.0071835837412214,0.00071835837412214,0.17921091983064627,0.18202688465720504,0.16610139388288112,0.2025938577388503
nominal,nominal,C_common,S2,p_ok,100,0.7908176521585379,0.006582552888618709,0.0006582552888618709,0.7895274717923687,0.7921078325247072,0.770858171823361,0.8040634397056682
nominal,nominal,C_common,S2,selected_score,100,0.8193810977560743,0.0071835837412214006,0.0007183583741221401,0.8179731153427948,0.8207890801693537,0.7974061422611497,0.8338986061171189
nominal,nominal,C_common,S2,u,100,0.08950419074925019,0.0009442144449346672,9.442144449346671e-05,0.08931912471804299,0.08968925678045739,0.08753136121622164,0.09226212760933056
nominal,nominal,C_common_ABF,overall,b,100,0.7463490616302759,0.0040069588830980805,0.00040069588830980805,0.7455636976891887,0.7471344255713631,0.7357342646904791,0.7560749132171528
nominal,nominal,C_common_ABF,overall,b_norm,100,0.8195452977201785,0.004405422397274721,0.00044054223972747207,0.8186818349303127,0.8204087605100443,0.8077078034859287,0.830529737187583
nominal,nominal,C_common_ABF,overall,d,100,0.16432779761643063,0.004016470738540756,0.00040164707385407556,0.16354056935167663,0.16511502588118462,0.15423639358362756,0.17512300823835458
nominal,nominal,C_common_ABF,overall,d_norm,100,0.1804547022798214,0.004405422397274717,0.00044054223972747164,0.17959123948995556,0.18131816506968726,0.16947026281241692,0.19229219651407126
nominal,nominal,C_common_ABF,overall,p_ok,100,0.7910106320069228,0.00400036530022337,0.000400036530022337,0.790226560408079,0.7917947036057665,0.7803056282260624,0.8009192598167626
nominal,nominal,C_common_ABF,overall,selected_score,100,0.8195452977201785,0.004405422397274721,0.00044054223972747207,0.8186818349303127,0.8204087605100443,0.8077078034859287,0.830529737187583
nominal,nominal,C_common_ABF,overall,u,100,0.0893231407532933,0.0006031776088850621,6.031776088850621e-05,0.08920491794195183,0.08944136356463477,0.08817566892853945,0.091111516616065
nominal,nominal,C_iso,S1,b,100,0.7469240201965758,0.006060483476390591,0.0006060483476390591,0.7457361654352033,0.7481118749579483,0.7333002484596705,0.760049501586839
nominal,nominal,C_iso,S1,b_norm,100,0.8203071725480168,0.0065635183705102,0.00065635183705102,0.8190207229473968,0.8215936221486367,0.8066501045693855,0.8352734465589905
nominal,nominal,C_iso,S1,d,100,0.1636002933263191,0.005955260731969887,0.0005955260731969887,0.162433062222853,0.16476752442978518,0.1498136021902284,0.17595520715301996
nominal,nominal,C_iso,S1,d_norm,100,0.17969282745198345,0.006563518370510193,0.0006563518370510193,0.17840637785136346,0.18097927705260344,0.16472655344100945,0.19334989543061445
nominal,nominal,C_iso,S1,p_ok,100,0.7916618634351285,0.00598892146935531,0.000598892146935531,0.7904880348271348,0.7928356920431221,0.778747785328041,0.8050491619332044
nominal,nominal,C_iso,S1,selected_score,100,0.8203071725480168,0.0065635183705102,0.00065635183705102,0.8190207229473968,0.8215936221486367,0.8066501045693855,0.8352734465589905
nominal,nominal,C_iso,S1,u,100,0.08947568647710497,0.0009594056713778595,9.594056713778596e-05,0.0892876429655149,0.08966372998869503,0.08795209598422157,0.09329428219141618
nominal,nominal,C_iso,S2,b,100,0.7471754147111662,0.005607265971988155,0.0005607265971988155,0.7460763905806566,0.7482744388416759,0.7322807226227088,0.7588437271646872
nominal,nominal,C_iso,S2,b_norm,100,0.820433456765718,0.006124112096604969,0.0006124112096604969,0.8192331307947834,0.8216337827366526,0.8040355085222551,0.8326191311232373
nominal,nominal,C_iso,S2,d,100,0.16351535649098256,0.005577422126292319,0.0005577422126292319,0.16242218175422926,0.16460853122773586,0.15256401592704255,0.17841103698655159
nominal,nominal,C_iso,S2,d_norm,100,0.17956654323428187,0.006124112096604966,0.0006124112096604966,0.17836621726334728,0.18076686920521645,0.16738086887676276,0.19596449147774486
nominal,nominal,C_iso,S2,p_ok,100,0.7918300291100914,0.005573112290735603,0.0005573112290735603,0.7907376991011071,0.7929223591190756,0.7769348428180786,0.8031398556188224
nominal,nominal,C_iso,S2,selected_score,100,0.820433456765718,0.006124112096604969,0.0006124112096604969,0.8192331307947834,0.8216337827366526,0.8040355085222551,0.8326191311232373
nominal,nominal,C_iso,S2,u,100,0.08930922879785134,0.0009272626868096963,9.272626868096964e-05,0.08912748531123664,0.08949097228446605,0.088088215495764,0.09192301797488263
nominal,nominal,C_iso_availability_discounted,S1,b,100,0.7178048775237419,0.005824214773568145,0.0005824214773568145,0.7166633314281226,0.7189464236193612,0.7047122140801084,0.7304186352973828
nominal,nominal,C_iso_availability_discounted,S1,b_norm,100,0.8203071725480168,0.006563518370510199,0.0006563518370510199,0.8190207229473968,0.8215936221486367,0.8066501045693855,0.8352734465589905
nominal,nominal,C_iso_availability_discounted,S1,d,100,0.15722224515160152,0.005723094065937999,0.0005723094065937999,0.15610051871467767,0.15834397158852537,0.14397302025515882,0.1690955112281927
nominal,nominal,C_iso_availability_discounted,S1,d_norm,100,0.17969282745198345,0.006563518370510195,0.0006563518370510195,0.17840637785136346,0.18097927705260344,0.16472655344100948,0.19334989543061445
nominal,nominal,C_iso_availability_discounted,S1,p_ok,100,0.7802913161860704,0.00575544256635425,0.000575544256635425,0.7791632494430649,0.7814193829290759,0.7678806788941267,0.7931567193886557
nominal,nominal,C_iso_availability_discounted,S1,selected_score,100,0.8203071725480168,0.006563518370510199,0.0006563518370510199,0.8190207229473968,0.8215936221486367,0.8066501045693855,0.8352734465589905
nominal,nominal,C_iso_availability_discounted,S1,u,100,0.12497287732465633,0.0009220034132467556,9.220034132467556e-05,0.12479216465565997,0.1251535899936527,0.12350868482346172,0.12864260717272272
nominal,nominal,C_iso_availability_discounted,S2,b,100,0.7180464711570227,0.005388664161405992,0.0005388664161405992,0.7169902929813872,0.7191026493326582,0.7037324198794562,0.729259875509674
nominal,nominal,C_iso_availability_discounted,S2,b_norm,100,0.8204334567657182,0.00612411209660496,0.000612411209660496,0.8192331307947837,0.8216337827366528,0.8040355085222551,0.832619131123237
nominal,nominal,C_iso_availability_discounted,S2,d,100,0.15714061985902938,0.0053599838641205716,0.0005359983864120572,0.15609006302166176,0.158191176696397,0.146616237047492,0.17145562204997297
nominal,nominal,C_iso_availability_discounted,S2,d_norm,100,0.17956654323428187,0.006124112096604966,0.0006124112096604966,0.17836621726334728,0.18076686920521645,0.16738086887676276,0.19596449147774486
nominal,nominal,C_iso_availability_discounted,S2,p_ok,100,0.7804529256489967,0.005355841990604565,0.0005355841990604565,0.7794031806188382,0.7815026706791552,0.7661383989147417,0.7913218192310911
nominal,nominal,C_iso_availability_discounted,S2,selected_score,100,0.8204334567657182,0.00612411209660496,0.000612411209660496,0.8192331307947837,0.8216337827366528,0.8040355085222551,0.832619131123237
nominal,nominal,C_iso_availability_discounted,S2,u,100,0.1248129089839481,0.0008911134735913461,8.91113473591346e-05,0.1246382507431242,0.12498756722477201,0.12363949685857606,0.1273248025446008
nominal,nominal,G,S1_S2,b,100,0.7465719139609152,0.0055321661679792935,0.0005532166167979294,0.7454876093919912,0.7476562185298391,0.735248700160186,0.7615119368340726
nominal,nominal,G,S1_S2,b_norm,100,0.8197169163588625,0.005896949771925042,0.0005896949771925042,0.8185611142035651,0.8208727185141598,0.8073074939563298,0.8353379991323393
nominal,nominal,G,S1_S2,d,100,0.16418206486740705,0.00532771688446772,0.0005327716884467721,0.16313783235805138,0.16522629737676273,0.15012507137218858,0.17550046861277876
nominal,nominal,G,S1_S2,d_norm,100,0.18028308364113743,0.005896949771925058,0.0005896949771925058,0.17912728148584012,0.18143888579643475,0.16466200086766064,0.19269250604367028
nominal,nominal,G,S1_S2,p_ok,100,0.7911949245467543,0.005416191803895576,0.0005416191803895576,0.7901333509531908,0.7922564981403178,0.7798741157737035,0.805693432730942
nominal,nominal,G,S1_S2,selected_score,100,0.8197169163588625,0.005896949771925042,0.0005896949771925042,0.8185611142035651,0.8208727185141598,0.8073074939563298,0.8353379991323393
nominal,nominal,G,S1_S2,u,100,0.0892460211716776,0.0007989523114757354,7.989523114757354e-05,0.08908942651862835,0.08940261582472685,0.08775914414320912,0.09132944880264007
nominal,nominal,omega_A,overall,b,100,0.922029093422065,2.2316322462394835e-16,2.2316322462394835e-17,0.922029093422065,0.922029093422065,0.9220290934220647,0.9220290934220647
nominal,nominal,omega_A,overall,b_norm,100,1.0,0.0,0.0,1.0,1.0,1.0,1.0
nominal,nominal,omega_A,overall,d,100,0.0,0.0,0.0,0.0,0.0,0.0,0.0
nominal,nominal,omega_A,overall,d_norm,100,0.0,0.0,0.0,0.0,0.0,0.0,0.0
nominal,nominal,omega_A,overall,p_ok,100,0.9610145467110324,3.3474483693592255e-16,3.347448369359225e-17,0.9610145467110323,0.9610145467110325,0.9610145467110327,0.9610145467110327
nominal,nominal,omega_A,overall,selected_score,100,1.0,0.0,0.0,1.0,1.0,1.0,1.0
nominal,nominal,omega_A,overall,u,100,0.07797090657793528,2.7895403077993544e-17,2.7895403077993544e-18,0.07797090657793528,0.07797090657793528,0.0779709065779353,0.0779709065779353
nominal,nominal,omega_B,overall,b,100,0.7642001244935972,0.0037973347843807564,0.00037973347843807566,0.7634558468758585,0.7649444021113359,0.7561474119039907,0.7724808525871378
nominal,nominal,omega_B,overall,b_norm,100,0.8387368987895577,0.004102870656406629,0.00041028706564066295,0.837932736140902,0.8395410614382134,0.8295885277680988,0.8479339050029988
nominal,nominal,omega_B,overall,d,100,0.14691505269001678,0.0037301414122621005,0.00037301414122621005,0.1461839449732134,0.14764616040682016,0.13852256199299204,0.15531924846892384
nominal,nominal,omega_B,overall,d_norm,100,0.16126310121044216,0.004102870656406633,0.00041028706564066327,0.16045893856178645,0.16206726385909787,0.15206609499700108,0.1704114722319013
nominal,nominal,omega_B,overall,p_ok,100,0.8086425359017901,0.0037553758615275104,0.000375537586152751,0.8079064822329307,0.8093785895706496,0.8004140817175335,0.8169791452970728
nominal,nominal,omega_B,overall,selected_score,100,0.8387368987895577,0.004102870656406629,0.00041028706564066295,0.837932736140902,0.8395410614382134,0.8295885277680988,0.8479339050029988
nominal,nominal,omega_B,overall,u,100,0.08888482281638613,0.000505985567884652,5.05985567884652e-05,0.08878564964508073,0.08898399598769152,0.08794468644320248,0.09073201751605671
nominal,nominal,omega_C,overall,b,100,0.7006575505539742,0.004951157679180739,0.0004951157679180739,0.6996871236488548,0.7016279774590936,0.6890173162961978,0.7122996379593315
nominal,nominal,omega_C,overall,b_norm,100,0.7856733919178385,0.00526980986504332,0.000526980986504332,0.78464050918429,0.786706274651387,0.7724517155796,0.7980797356907586
nominal,nominal,omega_C,overall,d,100,0.1910484964227028,0.004633372295217089,0.0004633372295217089,0.19014035545284025,0.19195663739256535,0.1801004085313493,0.20289784714637252
nominal,nominal,omega_C,overall,d_norm,100,0.21432660808216147,0.00526980986504332,0.000526980986504332,0.213293725348613,0.21535949081570996,0.20192026430924134,0.22754828442040007
nominal,nominal,omega_C,overall,p_ok,100,0.7772429748461471,0.005402400409437952,0.0005402400409437952,0.7761841043658972,0.778301845326397,0.764005383987983,0.7897632443356178
nominal,nominal,omega_C,overall,selected_score,100,0.7856733919178385,0.00526980986504332,0.000526980986504332,0.78464050918429,0.786706274651387,0.7724517155796,0.7980797356907586
nominal,nominal,omega_C,overall,u,100,0.108293953023323,0.0007745438394819936,7.745438394819936e-05,0.10814214243078453,0.10844576361586146,0.10697830747740933,0.11101760111026134
nominal,nominal,omega_C_pair,S1_S2,b,100,0.7006575505539742,0.004951157679180739,0.0004951157679180739,0.6996871236488548,0.7016279774590936,0.6890173162961978,0.7122996379593315
nominal,nominal,omega_C_pair,S1_S2,b_norm,100,0.7856733919178385,0.00526980986504332,0.000526980986504332,0.78464050918429,0.786706274651387,0.7724517155796,0.7980797356907586
nominal,nominal,omega_C_pair,S1_S2,d,100,0.1910484964227028,0.004633372295217089,0.0004633372295217089,0.19014035545284025,0.19195663739256535,0.1801004085313493,0.20289784714637252
nominal,nominal,omega_C_pair,S1_S2,d_norm,100,0.21432660808216147,0.00526980986504332,0.000526980986504332,0.213293725348613,0.21535949081570996,0.20192026430924134,0.22754828442040007
nominal,nominal,omega_C_pair,S1_S2,p_ok,100,0.7772429748461471,0.005402400409437952,0.0005402400409437952,0.7761841043658972,0.778301845326397,0.764005383987983,0.7897632443356178
nominal,nominal,omega_C_pair,S1_S2,selected_score,100,0.7856733919178385,0.00526980986504332,0.000526980986504332,0.78464050918429,0.786706274651387,0.7724517155796,0.7980797356907586
nominal,nominal,omega_C_pair,S1_S2,u,100,0.108293953023323,0.0007745438394819936,7.745438394819936e-05,0.10814214243078453,0.10844576361586146,0.10697830747740933,0.11101760111026134
nominal,nominal,omega_H,overall,b,100,0.7130398727803738,0.0050328665938815876,0.0005032866593881588,0.712053430927973,0.7140263146327747,0.7008454251765253,0.7247311136269365
nominal,nominal,omega_H,overall,b_norm,100,0.7886040613287949,0.00521998295784979,0.000521998295784979,0.7875809446690564,0.7896271779885334,0.7754231410878739,0.8008497297811297
nominal,nominal,omega_H,overall,d,100,0.1910484964227028,0.004633372295217089,0.0004633372295217089,0.19014035545284025,0.19195663739256535,0.1801004085313493,0.20289784714637252
nominal,nominal,omega_H,overall,d_norm,100,0.21139593867120499,0.005219982957849802,0.0005219982957849801,0.21037282201146643,0.21241905533094355,0.19915027021887027,0.224576858912126
nominal,nominal,omega_H,overall,p_ok,100,0.7469418382705332,0.00519178771706352,0.0005191787717063521,0.7459242478779887,0.7479594286630776,0.7342202994236979,0.7589740369156045
nominal,nominal,omega_H,overall,selected_score,100,0.7886040613287949,0.00521998295784979,0.000521998295784979,0.7875809446690564,0.7896271779885334,0.7754231410878739,0.8008497297811297
nominal,nominal,omega_H,overall,u,100,0.09591163079692326,0.0005674728518997571,5.674728518997571e-05,0.0958004061179509,0.09602285547589562,0.09501354797210684,0.09779296958683197
nominal,nominal,omega_T,overall,b,100,0.6733421387306044,0.004758136819522661,0.0004758136819522661,0.672409543913978,0.6742747335472309,0.6621556873255161,0.6845303864006758
nominal,nominal,omega_T,overall,b_norm,100,0.7856733919178385,0.005269809865043324,0.0005269809865043324,0.78464050918429,0.786706274651387,0.7724517155796,0.7980797356907586
nominal,nominal,omega_T,overall,d,100,0.18360036006523203,0.004452740288460065,0.0004452740288460065,0.18272762296869385,0.1844730971617702,0.17307905669890492,0.19498777585456165
nominal,nominal,omega_T,overall,d_norm,100,0.21432660808216147,0.005269809865043318,0.0005269809865043318,0.213293725348613,0.21535949081570996,0.20192026430924143,0.22754828442040007
nominal,nominal,omega_T,overall,p_ok,100,0.77454147663887,0.005436521245598002,0.0005436521245598001,0.7734759184747327,0.7756070348030072,0.7612837937610524,0.7870807537057202
nominal,nominal,omega_T,overall,selected_score,100,0.7856733919178385,0.005269809865043324,0.0005269809865043324,0.78464050918429,0.786706274651387,0.7724517155796,0.7980797356907586
nominal,nominal,omega_T,overall,u,100,0.1430575012041636,0.0007443484126506087,7.443484126506087e-05,0.1429116089152841,0.14320339349304312,0.14179314658789555,0.14567496909633862
nominal,nominal,omega_strict,overall,b,100,0.5137876878848631,0.007545579849653511,0.0007545579849653511,0.512308754234331,0.5152666215353952,0.4965912779269736,0.5305953269734969
nominal,nominal,omega_strict,overall,b_norm,100,0.5747024843273656,0.008814362917123446,0.0008814362917123446,0.5729748691956094,0.5764300994591218,0.5567174458466821,0.5947627349972902
nominal,nominal,omega_strict,overall,d,100,0.38041633558993626,0.008092789402314449,0.0008092789402314449,0.3788301488670826,0.3820025223127899,0.361785959039416,0.39794412003802193
nominal,nominal,omega_strict,overall,d_norm,100,0.42529751567263446,0.008814362917123446,0.0008814362917123446,0.4235699005408783,0.42702513080439064,0.40523726500270985,0.44328255415331785
nominal,nominal,omega_strict,overall,p_ok,100,0.527012184950513,0.007600892421075963,0.0007600892421075963,0.5255224100359822,0.5285019598650439,0.5102083977191181,0.5440476662218827
nominal,nominal,omega_strict,overall,selected_score,100,0.5747024843273656,0.008814362917123446,0.0008814362917123446,0.5729748691956094,0.5764300994591218,0.5567174458466821,0.5947627349972902
nominal,nominal,omega_strict,overall,u,100,0.10579597652520067,0.0014560778662587716,0.00014560778662587716,0.10551058526341396,0.10608136778698739,0.10276883345510567,0.10953321967843228
nominal,nominal,track,central_track,position_error_max_m,100,0.48366251358657103,0.038530888652045195,0.0038530888652045193,0.4761104594107702,0.4912145677623719,0.41124936739332524,0.5997729304056407
nominal,nominal,track,central_track,position_error_mean_m,100,0.15694299029556427,0.004521071896803336,0.0004521071896803336,0.1560568602037908,0.15782912038733773,0.14677694473621197,0.1671703970974458
nominal,nominal,track,central_track,position_error_rmse_m,100,0.17703101630910864,0.005048338218450932,0.0005048338218450932,0.17604154201829225,0.17802049059992503,0.1649869860242373,0.18969236904970035
